driverId,name,ssn,location,certified,wage-plan
10,Andrew Chavez,705-90-4098,"150 Oliver Glen Suite 352
North Amandaton, SC 87297",Y,miles
11,Chad Simmons,364-13-3255,"34549 Sandra Circles Apt. 758
Weavershire, OH 13593",N,miles
12,Allison Smith DDS,370-08-4939,"437 Knapp Tunnel Apt. 349
Johnton, MN 37545",N,hours
13,Michelle Bray MD,560-29-5029,"04999 Shannon Trace Apt. 424
Port Heather, CA 46406",Y,hours
14,Tamara White,322-03-1325,"382 Baker Ports Suite 013
New Jeffreyburgh, KY 15539",N,miles
15,Matthew Garcia,630-03-2415,"95345 Hansen Streets
Joelmouth, WA 12708",Y,miles
16,Megan Wallace,026-25-7619,"9907 Richard Inlet
New Anthony, RI 01709",Y,miles
17,Jeffrey Clarke,869-88-8898,"PSC 9986, Box 5734
APO AP 56120",Y,miles
18,Victoria Weber,457-63-2019,"7461 Williams View
Deborahton, ID 65998",Y,miles
19,Alison Turner,616-40-9055,"150 Larsen Flat Apt. 162
Ronaldbury, CT 47392",N,miles
20,Craig Watts,233-29-6714,"9363 Keller Mountains
Mikemouth, DC 25920",N,hours
21,David Taylor,551-05-8309,"53766 Kristy Key
East Paulville, MS 37764",Y,miles
22,Anna Martinez,552-02-1282,"77519 Stephanie Ways
Hammondburgh, HI 48745",N,hours
23,Alyssa Frye,298-33-4168,"5953 Wendy Wells Apt. 880
Port Samantha, KY 37775",N,hours
24,Veronica Padilla,360-84-8578,"9110 Johnson Expressway
Lestad, DC 75439",Y,miles
25,Dr. Sheena Lambert MD,372-18-0732,"16316 Brian Ville
Brianchester, CA 42172",N,hours
26,James Hinton,186-34-8904,"591 Elizabeth Lock
Garyside, RI 77257",N,miles
27,Mark Atkinson,257-75-0970,"16181 Steven Meadows
Lauraton, MA 40991",N,hours
28,Alison Sexton,298-92-5206,"0085 Torres Mews Apt. 499
North Taylormouth, RI 12066",Y,miles
29,Christina York,508-04-9180,"557 Sean Land
Hendrixshire, TX 19163",Y,hours
30,Victor Mccormick,076-02-2394,"419 Rodney Lakes
North Marcobury, KY 91470",Y,hours
31,Maria Payne,283-63-5720,"729 Marquez Drive Apt. 240
Hinesberg, ME 42440",Y,miles
32,Jacob White,227-30-8685,"0426 Taylor Mill Apt. 843
South Rodneybury, GU 49115",N,hours
33,Andrea Ortega,701-13-7423,"6446 Gomez Court
Toddville, ME 70535",N,miles
34,Dennis Gordon,637-96-6169,"05651 Escobar Center
Port Charlesmouth, SD 94656",N,hours
35,Omar Stevens,307-57-8102,"575 Mcpherson Crest
New Lindaview, MS 80378",Y,hours
36,Tonya Wood,727-97-9762,"6972 Stephanie Pass Suite 395
East Russellville, MS 92187",N,hours
37,Mark Franklin,568-19-3684,"8153 Brown Land Apt. 880
Nathanview, NV 29973",Y,hours
38,Alexander Hill,545-43-3427,"648 Paul Centers Suite 631
New Melissaport, LA 04640",Y,miles
39,Wendy Espinoza,797-22-3607,"83035 Christopher Freeway
New Erik, AZ 55680",Y,hours
40,Linda Daugherty,225-54-3032,"77998 Kelley Village Suite 602
West Sarah, LA 63927",N,miles
41,Christopher Lee,359-43-2699,"81988 Wu Corners
North Timothy, NV 87806",N,hours
42,Katherine Paul,777-29-3109,"Unit 3416 Box 5010
DPO AP 24457",N,miles
43,Judy Jones,726-82-0104,"8985 Graham Forges
Port Madisonstad, CA 09453",N,hours
44,Melinda Bell,365-96-1317,"778 Hill Track Apt. 052
North Paulachester, CA 30753",Y,hours
45,Thomas Roy,573-38-4583,"156 Mary Well
Rhondashire, PW 18544",Y,miles
46,Alan Ford,550-45-7540,"74985 Paul Port Suite 359
West Tiffany, OK 17348",Y,miles
47,Kathy Garza,026-91-1725,"81182 Green Walk
Port Dalton, MN 27532",Y,hours
48,Karina Campbell,817-66-1902,"6802 Turner Forest
New Alejandra, CT 02392",N,hours
49,John Cox,711-02-4244,"05965 Cole Locks Suite 686
Ruiztown, UT 75455",N,hours
50,Joshua Moss,187-53-2269,"0957 David Corner
Lake Robert, HI 18190",N,miles
51,Kyle French,188-69-3640,"938 Olson Lane
Collinsside, TN 12305",N,miles
52,Emily Cole,896-23-5271,"613 Nicholas Park Apt. 070
West Kimberly, CT 74322",Y,hours
53,Stephanie Suarez,412-57-0978,"953 Jason Parks
Christopherport, ME 52746",N,hours
54,Frank Freeman,387-25-2086,"239 Schultz Island
New Tiffanyside, GU 08706",Y,hours
55,Jesse Chan,796-81-9196,"6204 Bryant Ferry
East William, FM 28405",N,hours
56,Ana Avila,475-20-5424,"225 Wright Courts Apt. 296
Wongmouth, PR 15654",Y,hours
57,Cynthia Henderson,583-93-3510,"280 Merritt Stravenue
Lake Tracy, AL 49322",Y,miles
58,Amanda Bennett,532-10-0392,"442 Mary Fall Suite 483
East Tracyland, WI 98280",Y,hours
59,Walter Bridges,715-94-3945,"45571 Brown Fall Suite 759
North Javier, NE 55906",N,hours
60,Phyllis Taylor,149-50-1166,"98941 Robert Field Apt. 526
West Jasonchester, IL 86253",N,miles
61,Hannah Brown,896-82-5928,"47130 Weaver Club
Austinview, PA 45905",N,miles
62,Roy Edwards,296-18-8209,"716 Ralph Pass
North Maryshire, AS 86845",Y,miles
63,Craig Coleman,863-32-6114,"753 Derrick Harbor
Randallstad, ID 71143",N,miles
64,Sarah Freeman,381-60-0191,"3213 Torres Mountain Suite 686
South Brian, GU 76766",N,miles
65,Richard Cummings,852-34-1826,"90871 Bell Mountain
South Michael, WA 90978",N,hours
66,Melissa Compton,316-38-0439,"690 Justin Mountains
New Jillview, ME 39599",N,miles
67,Kimberly Schneider,594-01-8264,"500 Lisa Islands Apt. 847
New Henryborough, ME 26946",Y,hours
68,Casey Fisher,161-03-1037,"67907 Eric Junction Suite 990
Esparzamouth, TX 39661",N,hours
69,Gregory Matthews,639-17-8506,"57060 April Trace
Youngtown, VT 76201",Y,hours
70,Carly Turner,895-53-9553,"490 Jacobson Run Suite 557
Carolmouth, NM 11126",Y,hours
71,Jack Holder,162-17-2278,"49771 Harold Club Apt. 395
Nicholsonstad, AK 32518",N,hours
72,Margaret Rodriguez,152-90-9955,"6012 Garcia Mountains Suite 059
Port Courtney, MA 61675",Y,hours
73,Courtney Watson,694-05-0003,"0501 Knight Brook
East Rachel, NJ 34506",N,hours
74,Debra Kelly,728-18-7201,"172 Smith Burg
New Garrett, NH 53734",N,hours
75,Nathan Wallace,811-97-3400,"0791 Hurst Cove Apt. 673
Samanthaside, ND 11302",N,miles
76,Michael Juarez,228-16-9087,"8159 Washington Falls
Stephanieborough, NY 48470",Y,hours
77,Andrew Jenkins PhD,085-31-2784,"550 Bob Fort
Cookmouth, DC 98677",Y,miles
78,Kelly Harvey,201-03-7376,"8942 Gordon Mountains Suite 546
East Kellyside, IA 07688",N,hours
79,Brittany Mueller,383-38-4469,"84745 Mallory Route
North Russellburgh, ND 85967",N,hours
80,Anthony Lawson,868-81-4557,"09033 Watts Centers
Danielborough, GA 45860",N,miles
81,Anthony Richardson,529-09-7794,"08339 Park Point Suite 748
New Nicholashaven, UT 77316",Y,hours
82,Steven Carroll,201-77-7419,"00846 Hughes Bypass
Laurenburgh, CO 07753",N,miles
83,Blake Reyes,027-52-5060,"89043 White Path Suite 361
North Debraland, VA 98314",N,miles
84,Alan Martinez,363-15-4798,"20400 John Square Apt. 971
Andradeborough, AR 76298",N,miles
85,Amber Berger,192-88-2745,"6163 Tim Streets Suite 796
Bradleytown, FL 77168",Y,hours
86,Whitney Leon,397-22-4446,"8124 Thompson Islands
Michaelmouth, TN 59893",N,miles
87,Ruben Webster,620-88-4135,"005 James Squares
New Williammouth, MI 58648",Y,miles
88,Mckenzie Sanchez,048-19-8409,"USNS Bates
FPO AP 21522",N,miles
89,Jeremy Garcia,087-36-6802,"7480 Li Unions
Andersonmouth, MN 55686",N,hours
90,Kelly Powell,065-37-8459,"520 Fields Neck
New William, TX 65938",Y,hours
91,Thomas Carey,650-39-5645,"PSC 9574, Box 9492
APO AA 93431",N,hours
92,Diane Hardy,652-39-2350,"6648 Ashley Expressway
Victoriatown, IL 83296",Y,hours
93,Christopher Lopez,404-20-9288,"USCGC Smith
FPO AP 83305",N,hours
94,Eugene Roberts,070-62-2011,"881 Atkins Union Apt. 630
East Ethanside, NV 21296",N,miles
95,Michael Campos,148-06-9745,"70909 Barker Valley Suite 968
Jonathanburgh, AS 16461",Y,miles
96,William Holland,254-10-6836,"826 Martinez Forge
South Ariel, NV 53439",N,hours
97,Douglas Smith,722-14-9735,"117 Walters Key
Westton, WI 17403",N,miles
98,Joanna Reese MD,107-31-6033,"211 Gray Lakes
Christinechester, VI 66086",Y,hours
99,Allison Kramer,246-07-2619,"781 Walls Port Apt. 144
South Danielhaven, UT 63308",Y,hours
100,Brandon Hughes,067-86-7661,"187 Brian Ville Suite 352
Port Deniseville, MD 44300",Y,hours
101,Paul Meyer,173-10-0361,"9391 Tyler Junction
West Jessica, ND 32885",Y,hours
102,Amy Hughes,384-14-4870,"920 Alexis Tunnel Suite 873
Lake Jamesport, AL 11737",N,miles
103,Nathan Moore,281-94-8692,"441 Jessica Estate Apt. 461
Allisonmouth, PA 37086",Y,miles
104,Jennifer West,210-97-5872,"80576 Good Canyon
Aliciaville, CT 54819",N,miles
105,Mary Olsen,513-91-0008,"8780 Edward Pines Apt. 359
Davenportchester, PW 29853",Y,hours
106,Randy Ellis,781-95-6866,"884 Norma Port
Port Jerry, CT 29935",N,miles
107,Anthony Sullivan,095-15-4928,"42864 Kim Points
Phamland, ND 51951",Y,miles
108,Christopher Santos,489-78-6065,"849 Jones Crossing Suite 875
West Jeffreyborough, FM 15305",Y,miles
109,Katherine Torres,455-14-8319,"6851 Michelle Gateway Apt. 521
Rachelland, MA 06170",Y,miles
